Selected Location,SitsinState,zip_code,median_income,median_home_value,price_to_income_ratio
"Maricopa (County, 2022)",AZ,85003,60461,616800,10.201617571657764
"Maricopa (County, 2022)",AZ,85004,73750,417400,5.659661016949152
"Maricopa (County, 2022)",AZ,85006,58248,408100,7.006249141601429
"Maricopa (County, 2022)",AZ,85007,63616,480600,7.554703219315895
"Maricopa (County, 2022)",AZ,85008,66353,358000,5.395385287779
"Maricopa (County, 2022)",AZ,85009,52054,236100,4.535674491873824
"Maricopa (County, 2022)",AZ,85012,86620,735000,8.485338259062573
"Maricopa (County, 2022)",AZ,85013,71966,567700,7.888447322346663
"Maricopa (County, 2022)",AZ,85014,66731,476100,7.1346150964319435
"Maricopa (County, 2022)",AZ,85015,54874,345000,6.287130517184823
"Maricopa (County, 2022)",AZ,85016,87850,564900,6.430278884462151
"Maricopa (County, 2022)",AZ,85017,58346,286700,4.913790148424914
"Maricopa (County, 2022)",AZ,85018,93885,862000,9.181445385311818
"Maricopa (County, 2022)",AZ,85019,68528,305200,4.453653980854541
"Maricopa (County, 2022)",AZ,85020,83735,447200,5.340658028303577
"Maricopa (County, 2022)",AZ,85021,59768,470400,7.87043233837505
"Maricopa (County, 2022)",AZ,85022,69927,425200,6.080626939522645
"Maricopa (County, 2022)",AZ,85023,77369,391200,5.056288694438341
"Maricopa (County, 2022)",AZ,85024,106724,471000,4.413252876578839
"Maricopa (County, 2022)",AZ,85027,76605,354800,4.631551465309053
"Maricopa (County, 2022)",AZ,85028,125054,642200,5.13538151518544
"Maricopa (County, 2022)",AZ,85029,64556,345600,5.353491542226903
"Maricopa (County, 2022)",AZ,85031,70412,294800,4.186786343236948
"Maricopa (County, 2022)",AZ,85032,78643,416800,5.299899546049871
"Maricopa (County, 2022)",AZ,85033,64144,292800,4.56472935894238
"Maricopa (County, 2022)",AZ,85034,63559,422200,6.642646989411413
"Maricopa (County, 2022)",AZ,85035,60440,275600,4.559894109861019
"Maricopa (County, 2022)",AZ,85037,84016,330200,3.930203770710341
"Maricopa (County, 2022)",AZ,85040,60727,329800,5.4308627134553
"Maricopa (County, 2022)",AZ,85041,75301,347100,4.609500537841463
"Maricopa (County, 2022)",AZ,85042,88717,398000,4.486175141179255
"Maricopa (County, 2022)",AZ,85043,78257,343400,4.38810585634512
"Maricopa (County, 2022)",AZ,85044,96820,474800,4.903945465812849
"Maricopa (County, 2022)",AZ,85045,153583,634600,4.13196773080354
"Maricopa (County, 2022)",AZ,85048,122833,592100,4.8203658625939285
"Maricopa (County, 2022)",AZ,85050,139836,618600,4.42375353986098
"Maricopa (County, 2022)",AZ,85051,69189,326300,4.716067582997297
"Maricopa (County, 2022)",AZ,85053,70011,367000,5.242033394752253
"Maricopa (County, 2022)",AZ,85054,91507,687200,7.509807992831149
"Maricopa (County, 2022)",AZ,85083,149087,612700,4.109680924560827
"Maricopa (County, 2022)",AZ,85085,128984,669100,5.18746511195187
"Maricopa (County, 2022)",AZ,85086,121676,598900,4.922088168578849
"Maricopa (County, 2022)",AZ,85087,138566,552300,3.9858262488633573
"Maricopa (County, 2022)",AZ,85201,67294,328800,4.886022528011413
"Maricopa (County, 2022)",AZ,85202,71619,370900,5.178793336963655
"Maricopa (County, 2022)",AZ,85203,73578,439100,5.967816466878687
"Maricopa (County, 2022)",AZ,85204,72216,351300,4.864572947823197
"Maricopa (County, 2022)",AZ,85205,73283,339900,4.638183480479784
"Maricopa (County, 2022)",AZ,85206,75607,357900,4.733688679619612
"Maricopa (County, 2022)",AZ,85207,108699,505000,4.645856907607246
"Maricopa (County, 2022)",AZ,85208,69390,286200,4.124513618677042
"Maricopa (County, 2022)",AZ,85209,84432,402900,4.771887436043206
"Maricopa (County, 2022)",AZ,85210,61957,337800,5.452168439401521
"Maricopa (County, 2022)",AZ,85212,125902,584000,4.638528379215581
"Maricopa (County, 2022)",AZ,85213,103969,438900,4.221450624705441
"Maricopa (County, 2022)",AZ,85215,98831,441000,4.462162681749653
"Maricopa (County, 2022)",AZ,85224,94516,438700,4.6415421727538195
"Maricopa (County, 2022)",AZ,85225,88676,430400,4.853624430511074
"Maricopa (County, 2022)",AZ,85226,114817,483800,4.213661739986239
"Maricopa (County, 2022)",AZ,85233,111160,513000,4.614969413458079
"Maricopa (County, 2022)",AZ,85234,121102,550900,4.5490578190285875
"Maricopa (County, 2022)",AZ,85248,94495,527800,5.585480713265252
"Maricopa (County, 2022)",AZ,85249,153633,660600,4.299857452500439
"Maricopa (County, 2022)",AZ,85250,95761,583300,6.091206232182204
"Maricopa (County, 2022)",AZ,85251,92851,554400,5.970856533586068
"Maricopa (County, 2022)",AZ,85253,184979,2000001,10.812043529265484
"Maricopa (County, 2022)",AZ,85254,123203,785700,6.377279774031477
"Maricopa (County, 2022)",AZ,85255,140616,1036800,7.373271889400922
"Maricopa (County, 2022)",AZ,85256,44844,190500,4.248059941129248
"Maricopa (County, 2022)",AZ,85257,86962,506300,5.8220832087578485
"Maricopa (County, 2022)",AZ,85258,114111,846000,7.413833898572443
"Maricopa (County, 2022)",AZ,85259,137895,1011200,7.3331157764966095
"Maricopa (County, 2022)",AZ,85260,97177,698200,7.184827685563456
"Maricopa (County, 2022)",AZ,85262,177790,1287300,7.2405647111761064
"Maricopa (County, 2022)",AZ,85263,145053,851000,5.866821092979808
"Maricopa (County, 2022)",AZ,85264,60729,369200,6.079467799568575
"Maricopa (County, 2022)",AZ,85266,151923,1128500,7.4281050268886215
"Maricopa (County, 2022)",AZ,85268,112795,623400,5.526840728755707
"Maricopa (County, 2022)",AZ,85281,64538,381000,5.903498713935976
"Maricopa (County, 2022)",AZ,85282,79036,412000,5.212814413684903
"Maricopa (County, 2022)",AZ,85283,84568,442800,5.236023082016838
"Maricopa (County, 2022)",AZ,85284,156146,688400,4.4086944270106185
"Maricopa (County, 2022)",AZ,85286,121758,601900,4.943412342515481
"Maricopa (County, 2022)",AZ,85295,118467,579500,4.8916575924097
"Maricopa (County, 2022)",AZ,85296,118982,561400,4.71836076045116
"Maricopa (County, 2022)",AZ,85297,130755,600600,4.593323391074911
"Maricopa (County, 2022)",AZ,85298,156425,652400,4.170688828512066
"Maricopa (County, 2022)",AZ,85301,53827,255300,4.742972857487878
"Maricopa (County, 2022)",AZ,85302,65132,364100,5.59018608364552
"Maricopa (County, 2022)",AZ,85303,80650,333600,4.1363918164910105
"Maricopa (County, 2022)",AZ,85304,86927,379700,4.3680329471855694
"Maricopa (County, 2022)",AZ,85305,88167,452300,5.130037315548901
"Maricopa (County, 2022)",AZ,85306,84779,392500,4.629684237841919
"Maricopa (County, 2022)",AZ,85307,82888,395700,4.773911784576779
"Maricopa (County, 2022)",AZ,85308,95247,458100,4.809600302371728
"Maricopa (County, 2022)",AZ,85310,122137,552900,4.526883745302406
"Maricopa (County, 2022)",AZ,85320,47731,472100,9.890846619597326
"Maricopa (County, 2022)",AZ,85322,75417,354300,4.697879788376626
"Maricopa (County, 2022)",AZ,85323,83120,370200,4.453801732435034
"Maricopa (County, 2022)",AZ,85326,89876,373300,4.15350037829899
"Maricopa (County, 2022)",AZ,85329,36399,240000,6.593587735926811
"Maricopa (County, 2022)",AZ,85331,129083,741700,5.745915418761572
"Maricopa (County, 2022)",AZ,85333,39722,206900,5.208700468254368
"Maricopa (County, 2022)",AZ,85335,78050,321900,4.124279308135811
"Maricopa (County, 2022)",AZ,85337,55365,116500,2.104217465908065
"Maricopa (County, 2022)",AZ,85338,101744,436300,4.288213555590501
"Maricopa (County, 2022)",AZ,85339,110602,441600,3.9926945263195965
"Maricopa (County, 2022)",AZ,85340,122323,547500,4.47585490872526
"Maricopa (County, 2022)",AZ,85345,67380,319800,4.746215494211932
"Maricopa (County, 2022)",AZ,85351,53725,274000,5.100046533271289
"Maricopa (County, 2022)",AZ,85353,94154,388700,4.128342927544236
"Maricopa (County, 2022)",AZ,85354,64203,330800,5.152407208385901
"Maricopa (County, 2022)",AZ,85355,123055,494000,4.014465076591768
"Maricopa (County, 2022)",AZ,85361,77361,412400,5.3308514626232855
"Maricopa (County, 2022)",AZ,85363,68321,320000,4.683772193029961
"Maricopa (County, 2022)",AZ,85373,72063,348500,4.836046237320122
"Maricopa (County, 2022)",AZ,85374,81201,395400,4.869398160121181
"Maricopa (County, 2022)",AZ,85375,63928,377900,5.911337754974346
"Maricopa (County, 2022)",AZ,85377,149167,1077500,7.2234475453686136
"Maricopa (County, 2022)",AZ,85378,56444,274500,4.863227269506059
"Maricopa (County, 2022)",AZ,85379,110616,448200,4.051855066174875
"Maricopa (County, 2022)",AZ,85381,96746,447900,4.629648771008621
"Maricopa (County, 2022)",AZ,85382,91525,438300,4.788855503960667
"Maricopa (County, 2022)",AZ,85383,145546,661400,4.544267791626015
"Maricopa (County, 2022)",AZ,85387,98757,481000,4.870540822422714
"Maricopa (County, 2022)",AZ,85388,112164,459900,4.100246068257195
"Maricopa (County, 2022)",AZ,85390,68591,499200,7.277922759545713
"Maricopa (County, 2022)",AZ,85392,87702,418900,4.776401906455953
"Maricopa (County, 2022)",AZ,85395,105935,564800,5.331571246519092
"Maricopa (County, 2022)",AZ,85396,114056,482900,4.233885109069229
